OBJECT_NAME,OBJECT_ID,EPOCH,MEAN_MOTION,ECCENTRICITY,INCLINATION,RA_OF_ASC_NODE,ARG_OF_PERICENTER,MEAN_ANOMALY,EPHEMERIS_TYPE,CLASSIFICATION_TYPE,NORAD_CAT_ID,ELEMENT_SET_NO,REV_AT_EPOCH,BSTAR,MEAN_MOTION_DOT,MEAN_MOTION_DDOT
STARLINK-38128,2026-160A,2026-08-11T14:51:05.860512,15.72927755,.00038708,69.9993,307.8350,277.6039,82.4719,0,U,100001,999,571,.53987904E-3,.74061E-3,0
STARLINK-37711,2026-160B,2026-08-11T16:13:31.789632,15.72902850,.00025703,70.0015,307.6318,304.9785,55.1170,0,U,100002,999,572,.61098137E-3,.83834E-3,0
STARLINK-38123,2026-160C,2026-08-11T15:59:16.708704,15.72914776,.00028488,69.9995,307.5944,277.8161,82.2713,0,U,100003,999,572,.58096822E-3,.79709E-3,0
STARLINK-38107,2026-160D,2026-08-11T15:25:42.195936,15.72919543,.00026578,69.9998,307.9247,292.5235,67.5681,0,U,100004,999,571,.59230466E-3,.81299E-3,0
STARLINK-38122,2026-160E,2026-08-11T15:08:39.420384,15.72925136,.0002922,69.9992,307.8794,278.1120,81.9746,0,U,100005,999,571,.80505982E-3,.111002E-2,0
STARLINK-38117,2026-160F,2026-08-11T22:34:04.683072,15.72891724,.00023892,69.9997,306.9497,279.5003,80.5924,0,U,100006,999,576,.77002528E-3,.10594E-2,0
STARLINK-38054,2026-160G,2026-08-11T16:05:07.032192,15.72948288,.00030235,70.0001,307.6090,277.6716,82.4138,0,U,100007,999,572,.58157563E-3,.79911E-3,0
STARLINK-38124,2026-160H,2026-08-11T15:42:13.972896,15.72914651,.00026596,69.9992,307.9686,269.6662,90.4230,0,U,100008,999,571,.43670209E-3,.59717E-3,0
STARLINK-38119,2026-160J,2026-08-11T15:39:26.247168,15.72921878,.00027901,69.9997,307.9617,282.3048,77.7837,0,U,100009,999,571,.65042523E-3,.89394E-3,0
STARLINK-38045,2026-160K,2026-08-11T14:59:14.323776,15.72933360,.00038973,69.9988,307.8551,272.3574,87.7177,0,U,100010,999,571,.65880937E-3,.90624E-3,0
STARLINK-38051,2026-160L,2026-08-11T15:05:35.916288,15.72943580,.00039223,69.9986,307.8717,272.1015,87.9733,0,U,100011,999,571,.54014059E-3,.74148E-3,0
STARLINK-38092,2026-160M,2026-08-11T22:52:08.481216,15.72928725,.00034388,69.9989,306.9962,276.0675,84.0130,0,U,100012,999,576,.74155035E-3,.102144E-2,0
STARLINK-37719,2026-160N,2026-08-11T15:31:18.090624,15.72922174,.00029126,69.9999,307.9390,301.5283,58.5630,0,U,100013,999,571,.72758217E-3,.100156E-2,0
STARLINK-38106,2026-160P,2026-08-11T14:30:45.042336,15.72923457,.00036015,70.0016,307.7810,290.8375,69.2437,0,U,100014,999,571,.70050244E-3,.96393E-3,0
STARLINK-37299,2026-160Q,2026-08-11T16:07:55.624512,15.72910632,.00029161,70.0004,307.6158,285.7265,74.3610,0,U,100015,999,572,.49607139E-3,.67922E-3,0
STARLINK-38052,2026-160R,2026-08-11T15:45:02.048544,15.72919105,.00027267,69.9995,307.5554,287.3729,72.7170,0,U,100016,999,572,.68296654E-3,.93916E-3,0
STARLINK-38114,2026-160S,2026-08-11T14:47:47.699520,15.72920143,.00027454,70.0002,307.8245,266.0649,94.0234,0,U,100017,999,571,.58940779E-3,.80899E-3,0
STARLINK-37239,2026-160T,2026-08-11T14:39:08.625600,15.72929928,.00034376,70.0001,307.8022,277.5914,82.4893,0,U,100018,999,571,.63742799E-3,.87624E-3,0
STARLINK-37580,2026-160U,2026-08-11T14:44:59.870976,15.72932328,.00032674,69.9997,307.8175,290.5901,69.4945,0,U,100019,999,571,.97179137E-3,.134458E-2,0
STARLINK-38032,2026-160V,2026-08-11T15:53:40.848576,15.72918865,.00035807,69.9992,307.5774,287.0799,73.0006,0,U,100020,999,572,.52324181E-3,.7172E-3,0
STARLINK-38110,2026-160W,2026-08-11T15:26:40.325856,15.75717554,.0004169,69.9993,307.5060,292.8483,67.2275,0,U,100021,999,572,.12441196E-2,.195561E-2,0
STARLINK-38103,2026-160X,2026-08-11T14:05:03.264576,15.72918394,.00039106,70.0002,307.7119,276.0847,83.9904,0,U,100022,999,571,.57889118E-3,.79448E-3,0
STARLINK-38102,2026-160Y,2026-08-11T22:40:11.512416,15.72942948,.00030004,69.9998,306.9642,279.5948,80.4910,0,U,100023,999,576,.11965314E-2,.166302E-2,0
STARLINK-38108,2026-160Z,2026-08-11T15:17:18.073536,15.72925360,.00037037,69.9992,307.9022,275.1370,84.9404,0,U,100024,999,571,.66144577E-3,.90957E-3,0
STARLINK-38109,2026-160AA,2026-08-11T15:47:49.791552,15.72919254,.0003135,69.9996,307.5625,279.0832,81.0010,0,U,100025,999,572,.64385804E-3,.88474E-3,0
STARLINK-38034,2026-160AB,2026-08-11T22:49:20.226720,15.72938143,.00043027,70.0004,306.9889,276.7088,83.3620,0,U,100026,999,576,.73823152E-3,.101739E-2,0
STARLINK-38094,2026-160AC,2026-08-10T14:56:34.256544,15.77573790,.0006435,69.9991,310.3668,317.0374,43.0323,0,U,100027,999,556,-.16252149E-2,-.263706E-2,0
STARLINK-37844,2026-161A,2026-08-11T22:07:19.726176,15.49336446,.00012231,53.1603,184.2104,117.3117,242.8017,0,U,100028,999,564,.61482252E-3,.33927E-3,0
STARLINK-37610,2026-161B,2026-08-11T19:07:42.450240,15.49292727,.00017039,53.1601,184.1276,117.2026,242.9157,0,U,100029,999,450,.6850068E-3,.37812E-3,0
STARLINK-37845,2026-161C,2026-08-11T12:36:52.719552,15.50067688,.00005596,53.1599,185.2727,178.0904,182.0108,0,U,100030,999,446,-.52977198E-2,-.292061E-2,0
STARLINK-37336,2026-161D,2026-08-11T21:48:21.076992,15.49353418,.00019163,53.1597,184.1250,113.3254,246.7957,0,U,100031,999,451,.7489336E-3,.41492E-3,0
STARLINK-37481,2026-161E,2026-08-11T14:26:30.029280,15.49267795,.00016958,53.1596,185.0385,111.0850,249.0341,0,U,100032,999,447,.99942989E-3,.55451E-3,0
STARLINK-37458,2026-161F,2026-08-11T22:36:57.139200,15.49326963,.00009217,53.1601,183.6142,121.6239,238.4860,0,U,100033,999,452,.29720654E-3,.16126E-3,0
STARLINK-37917,2026-161G,2026-08-11T20:51:41.999040,15.48946364,.00024948,53.1594,184.5969,127.6444,232.4792,0,U,100034,999,450,-.3417155E-3,-.19167E-3,0
STARLINK-37415,2026-161H,2026-08-11T14:21:37.272384,15.49326086,.00014679,53.1602,185.7453,84.0263,276.0913,0,U,100035,999,446,.30462954E-3,.1654E-3,0
STARLINK-37560,2026-161J,2026-08-11T22:04:18.756192,15.49338639,.00016941,53.1596,184.1966,100.6627,259.4573,0,U,100036,999,451,.66165728E-3,.36561E-3,0
STARLINK-37847,2026-161K,2026-08-11T21:45:16.551648,15.49338149,.00020288,53.1601,184.1073,110.4260,249.6967,0,U,100037,999,451,.4965932E-3,.27295E-3,0
STARLINK-37672,2026-161L,2026-08-11T23:22:36.653376,15.49331666,.00013457,53.1595,183.0909,68.5182,291.5970,0,U,100038,999,453,.87358381E-3,.48478E-3,0
STARLINK-37693,2026-161M,2026-08-11T07:05:54.009600,15.49334953,.00006887,53.1609,186.6880,71.4552,288.6532,0,U,100039,999,442,.3476013E-3,.18948E-3,0
STARLINK-37714,2026-161N,2026-08-11T08:58:01.602624,15.49333097,.0001596,53.1597,186.4663,80.8798,279.2392,0,U,100040,999,443,.68465372E-3,.37846E-3,0
STARLINK-37448,2026-161P,2026-08-11T20:58:52.868928,15.49370944,.0001944,53.1607,183.8987,49.9827,310.1353,0,U,100041,999,451,.60676098E-3,.33516E-3,0
STARLINK-38002,2026-161Q,2026-08-11T21:48:43.441632,15.49360954,.00014279,53.1596,184.1238,91.1633,268.9540,0,U,100042,999,451,.96072702E-3,.53448E-3,0
STARLINK-38023,2026-161R,2026-08-11T10:01:34.824288,15.47695286,.00092782,53.1609,186.0268,172.5505,187.5643,0,U,100043,999,444,-.10282396E-1,-.50848E-2,0
STARLINK-37984,2026-161S,2026-08-11T21:58:58.997568,15.49338753,.00025729,53.1594,184.1687,116.2386,243.8888,0,U,100044,999,451,.56155004E-3,.30941E-3,0
STARLINK-37808,2026-161T,2026-08-11T23:33:18.503424,15.49314742,.00014704,53.1595,183.1390,100.4493,259.6682,0,U,100045,999,453,.35095388E-3,.19122E-3,0
STARLINK-37807,2026-161U,2026-08-10T11:46:30.201312,15.52727441,.00029113,53.1593,190.1856,34.0010,326.1187,0,U,100046,999,430,-.74570169E-2,-.443719E-2,0
STARLINK-37756,2026-161V,2026-08-11T22:06:16.097760,15.49344742,.00014229,53.1608,184.2029,92.7287,267.3885,0,U,100047,999,451,.50116306E-3,.27558E-3,0
STARLINK-37752,2026-161W,2026-08-11T21:24:27.056448,15.49340948,.00007494,53.1606,184.0130,83.8581,276.2514,0,U,100048,999,451,.75583023E-3,.41861E-3,0
STARLINK-37848,2026-161X,2026-08-11T23:04:07.353408,15.50003980,.00022327,53.1603,183.0052,79.5652,280.5609,0,U,100049,999,453,-.7879382E-2,-.426059E-2,0
STARLINK-37826,2026-161Y,2026-08-11T05:21:25.101216,15.49326920,.00007736,53.1602,186.9413,93.3075,266.8023,0,U,100050,999,441,.39957198E-3,.2185E-3,0
STARLINK-37677,2026-161Z,2026-08-11T14:55:11.772192,15.49327764,.00011096,53.1603,185.1643,93.4848,266.6288,0,U,100051,999,447,.27775101E-3,.15039E-3,0
STARLINK-37797,2026-161AA,2026-08-11T21:37:24.843936,15.49348342,.00017266,53.1601,183.3404,102.3133,257.8070,0,U,100052,999,452,-.73169521E-3,-.40988E-3,0
STARLINK-37796,2026-161AB,2026-08-11T21:22:58.963872,15.49332237,.00021278,53.1594,184.0038,94.1418,265.9835,0,U,100053,999,451,.24538791E-3,.13233E-3,0
STARLINK-37505,2026-161AC,2026-08-11T22:04:44.620032,15.49336685,.00015655,53.1595,183.4647,116.2286,243.8885,0,U,100054,999,452,.47807093E-3,.26255E-3,0
STARLINK-37605,2026-161AD,2026-08-11T21:22:13.294560,15.49330755,.00018607,53.1607,184.0025,57.4446,302.6743,0,U,100055,999,451,.44821688E-3,.24577E-3,0
STARLINK-37650,2026-161AE,2026-08-11T19:35:34.482912,15.51249409,.00005085,53.1605,183.5171,105.5237,254.5829,0,U,100056,999,451,-.67146281E-2,-.381644E-2,0
SOYUZ-MS 29,2026-162A,2026-08-11T20:36:42.119712,15.49415511,.00074983,51.6321,24.5691,37.4058,322.7451,0,U,100057,999,58037,.7892511E-4,.3962E-4,0
PRAETORIAN SDA_501,2026-163A,2026-08-11T21:32:11.274144,13.85490087,.00140899,81.4818,286.0023,139.6777,220.5429,0,U,100059,999,361,.50757141E-4,.7E-6,0
PRAETORIAN SDA_502,2026-163B,2026-08-11T21:28:00.353856,13.85645173,.00150077,81.4835,286.0037,139.8550,220.3720,0,U,100060,999,361,.48072033E-4,.68E-6,0
PRAETORIAN SDA_503,2026-163C,2026-08-11T21:20:16.713312,13.85932369,.00165822,81.4825,285.9967,141.4261,218.8085,0,U,100061,999,361,.13788388E-3,.171E-5,0
PRAETORIAN SDA_504,2026-163D,2026-08-11T21:36:16.489440,13.85338837,.0013729,81.4800,286.0008,142.7126,217.4988,0,U,100062,999,361,.56428799E-4,.77E-6,0
PRAETORIAN SDA_505,2026-163E,2026-08-11T21:22:46.564608,13.85839297,.00161636,81.4813,285.9922,140.8936,219.3394,0,U,100063,999,361,.90031457E-4,.116E-5,0
PRAETORIAN SDA_506,2026-163F,2026-08-11T21:16:57.436896,13.86055199,.00170641,81.4810,285.9845,142.6193,217.6156,0,U,100064,999,361,.24134672E-4,.4E-6,0
PRAETORIAN SDA_507,2026-163G,2026-08-11T21:35:22.121376,13.85372860,.00138349,81.4841,286.0116,142.1442,218.0691,0,U,100065,999,361,.43878015E-4,.62E-6,0
PRAETORIAN SDA_508,2026-163H,2026-08-11T21:31:12.400320,13.85526524,.00145386,81.4791,285.9935,141.0446,219.1763,0,U,100066,999,361,.92999307E-4,.119E-5,0
PRAETORIAN SDA_509,2026-163J,2026-08-11T21:29:06.909504,13.85603893,.00148787,81.4794,285.9929,140.4380,219.7867,0,U,100067,999,361,.99453051E-4,.126E-5,0
PRAETORIAN SDA_510,2026-163K,2026-08-11T21:34:21.040896,13.85409908,.00140017,81.4792,285.9965,141.7941,218.4212,0,U,100068,999,361,.28363275E-4,.45E-6,0
PRAETORIAN SDA_511,2026-163L,2026-08-11T21:27:10.808640,13.85675852,.00151343,81.4808,285.9955,139.3632,220.8658,0,U,100069,999,361,.63111543E-4,.85E-6,0
PRAETORIAN SDA_512,2026-163M,2026-08-11T21:21:29.817216,13.85886478,.00163652,81.4825,285.9969,141.1203,219.1136,0,U,100070,999,361,.51299069E-4,.72E-6,0
PRAETORIAN SDA_513,2026-163N,2026-08-11T21:33:12.783168,13.85452255,.00141664,81.4844,286.0112,141.4400,218.7772,0,U,100071,999,361,.6778395E-4,.9E-6,0
PRAETORIAN SDA_514,2026-163P,2026-08-11T21:37:31.895040,13.85292574,.00135867,81.4826,286.0091,143.4726,216.7361,0,U,100072,999,361,.63593584E-4,.85E-6,0
PRAETORIAN SDA_515,2026-163Q,2026-08-11T21:18:00.384480,13.86016198,.00169118,81.4824,285.9949,142.2538,217.9811,0,U,100073,999,361,.80638951E-4,.105E-5,0
PRAETORIAN SDA_516,2026-163R,2026-08-11T22:56:15.173088,13.86227034,.00177975,81.4821,285.9215,143.5752,216.6622,0,U,100074,999,362,.12550193E-3,.158E-5,0
PRAETORIAN SDA_517,2026-163S,2026-08-11T21:14:30.692544,13.86145727,.00174204,81.4809,285.9826,143.4268,216.8083,0,U,100075,999,361,.87414551E-4,.113E-5,0
PRAETORIAN SDA_518,2026-163T,2026-08-11T21:13:43.935456,13.85887536,.00148491,81.4808,285.9825,150.6365,209.5631,0,U,100076,999,361,-.34959269E-1,-.39919E-3,0
PRAETORIAN SDA_519,2026-163U,2026-08-11T21:30:05.748768,13.85568100,.00147152,81.4843,286.0081,140.7611,219.4617,0,U,100077,999,361,.96680274E-4,.123E-5,0
PRAETORIAN SDA_520,2026-163V,2026-08-11T21:15:49.343328,13.86097068,.00172264,81.4825,285.9931,143.0734,217.1614,0,U,100078,999,361,.68459683E-4,.92E-6,0
PRAETORIAN SDA_521,2026-163W,2026-08-11T16:07:20.977248,13.85970722,.00167673,81.4809,286.1836,142.2410,217.9929,0,U,100079,999,358,.79606526E-4,.104E-5,0
AAGAMAN OBJECT A,2026-164A,2026-08-11T22:07:59.077920,15.39940069,.00148904,59.9260,208.3162,330.2034,29.8204,0,U,100080,999,380,.11333956E-3,.4231E-4,0
AAGAMAN OBJECT B,2026-164B,2026-08-11T23:26:52.148544,15.41046907,.00098145,59.9226,207.9964,341.2847,18.7878,0,U,100081,999,380,.47356528E-3,.19488E-3,0
AAGAMAN OBJECT C,2026-164C,2026-08-11T23:27:31.418208,15.40844297,.00110379,59.9307,208.0282,342.8107,17.2605,0,U,100082,999,379,.32233879E-3,.13058E-3,0
RASSVET-3 17,2026-165A,2026-08-11T23:16:03.918720,15.90920261,.00218312,82.2985,204.7709,349.0042,11.0750,0,U,100083,999,367,.20525761E-3,.65667E-3,.399918E-6
RASSVET-3 18,2026-165B,2026-08-11T22:25:38.686656,15.81853727,.00106335,82.2977,204.8830,349.1520,10.9516,0,U,100084,999,366,.17063141E-3,.34603E-3,0
RASSVET-3 19,2026-165C,2026-08-11T22:28:50.907648,15.85427071,.00168937,82.2978,204.8860,346.6518,13.4302,0,U,100085,999,366,.17626113E-3,.42613E-3,0
RASSVET-3 20,2026-165D,2026-08-11T23:28:17.336352,15.81805316,.00017261,82.2983,204.9484,346.2803,13.8418,0,U,100086,999,366,.16446092E-3,.3314E-3,0
RASSVET-3 21,2026-165E,2026-08-11T23:05:23.050176,15.81812289,.00075058,82.2980,204.9246,353.3732,6.7435,0,U,100087,999,366,.16767143E-3,.33865E-3,0
RASSVET-3 22,2026-165F,2026-08-11T23:02:09.226464,15.81618730,.00089329,82.2980,204.9206,352.4314,7.6816,0,U,100088,999,366,.1672161E-3,.33501E-3,0
RASSVET-3 23,2026-165G,2026-08-11T23:12:46.859328,15.91087206,.00212275,82.2980,204.7658,348.8744,11.2056,0,U,100089,999,367,.20422431E-3,.6582E-3,.409512E-6
RASSVET-3 24,2026-165H,2026-08-11T22:40:59.671776,15.81650174,.00098297,82.2982,204.8989,347.2490,12.8527,0,U,100090,999,366,.19068756E-3,.38293E-3,0
RASSVET-3 25,2026-165J,2026-08-11T19:42:31.834656,15.81454033,.00092809,82.2980,205.0435,352.4996,7.6130,0,U,100091,999,364,-.38582181E-3,-.75566E-3,0
RASSVET-3 26,2026-165K,2026-08-11T21:48:35.606880,15.90207799,.00200336,82.2979,204.8432,348.4296,11.6512,0,U,100092,999,366,.11133529E-3,.34395E-3,-.69525E-6
RASSVET-3 27,2026-165L,2026-08-11T23:15:57.989952,15.81685660,.00029283,82.2980,204.9340,12.6544,347.4797,0,U,100093,999,366,.16508224E-3,.33089E-3,0
RASSVET-3 28,2026-165M,2026-08-11T23:02:53.600640,15.81618617,.0009612,82.2977,204.9207,356.0947,4.0244,0,U,100094,999,366,.1698778E-3,.34051E-3,0
RASSVET-3 29,2026-165N,2026-08-11T22:26:56.330016,15.85548508,.00150601,82.2976,204.8824,350.4695,9.6286,0,U,100095,999,366,.17971172E-3,.43602E-3,0
RASSVET-3 30,2026-165P,2026-08-11T22:54:27.718272,15.81609435,.00093768,82.2980,204.9125,347.3341,12.7689,0,U,100096,999,366,.18382914E-3,.36831E-3,0
RASSVET-3 31,2026-165Q,2026-08-11T22:56:52.592928,15.81681881,.00094882,82.2975,204.9142,350.5877,9.5210,0,U,100097,999,366,.17822449E-3,.35829E-3,0
RASSVET-3 32,2026-165R,2026-08-11T23:16:47.606880,15.90159581,.00198576,82.2976,204.7683,349.0523,11.0314,0,U,100098,999,367,.20885765E-3,.64041E-3,.314976E-6
TRANSPORTER-17 OBJECT CC,2026-156CC,2026-08-11T16:21:00.756000,14.92296105,.00095906,97.7480,123.5658,44.3836,315.8150,0,U,100100,999,527,.24826374E-3,.2481E-4,0
STARLINK-38222,2026-166A,2026-08-11T23:34:06.812256,15.80880387,.00015393,97.2838,240.4004,71.4668,288.6767,0,U,100101,999,338,.90740285E-3,.177779E-2,0
STARLINK-37740,2026-166B,2026-08-11T23:32:22.987104,15.80888599,.00017932,97.2843,240.4027,84.0493,276.0980,0,U,100102,999,338,.74731925E-3,.14591E-2,0
STARLINK-38214,2026-166C,2026-08-11T19:41:15.770688,15.75230376,.00025956,97.2840,240.1609,175.9775,184.1512,0,U,100103,999,335,.90072663E-3,.136641E-2,0
STARLINK-38174,2026-166D,2026-08-11T19:15:51.662592,15.75226239,.00006895,97.2831,240.1847,98.3053,261.8291,0,U,100104,999,335,.81000188E-3,.122627E-2,0
STARLINK-38158,2026-166E,2026-08-11T23:30:38.901024,15.80920449,.00017121,97.2831,240.4031,109.1743,250.9711,0,U,100105,999,338,.10351416E-2,.203809E-2,0
STARLINK-38161,2026-166F,2026-08-11T23:41:09.022272,15.75302138,.00011485,97.2834,240.3927,134.8101,225.3258,0,U,100106,999,338,.10774294E-2,.164503E-2,0
STARLINK-37864,2026-166G,2026-08-11T23:00:59.970816,15.75256505,.00016852,97.2839,240.2792,91.9511,268.1947,0,U,100107,999,337,.11763759E-2,.17959E-2,0
STARLINK-38118,2026-166H,2026-08-11T23:28:03.279072,15.80885913,.00018012,97.2841,240.4067,59.5420,300.6026,0,U,100108,999,338,.73047135E-3,.142545E-2,0
STARLINK-37712,2026-166J,2026-08-11T23:27:11.301696,15.80885877,.00017918,97.2847,240.4079,66.2384,293.9072,0,U,100109,999,338,.63851263E-3,.124321E-2,0
STARLINK-38101,2026-166K,2026-08-11T22:49:49.442880,15.75229371,.00019544,97.2831,240.2882,83.7026,276.4462,0,U,100110,999,337,.90656808E-3,.137528E-2,0
STARLINK-38115,2026-166L,2026-08-11T22:46:46.515072,15.75263368,.0002379,97.2839,240.2924,70.4417,289.7105,0,U,100111,999,337,.12059278E-2,.18427E-2,0
STARLINK-38113,2026-166M,2026-08-11T19:18:24.378912,15.75224033,.00017097,97.2832,240.1830,106.0703,254.0750,0,U,100112,999,335,.11768183E-2,.179402E-2,0
STARLINK-38072,2026-166N,2026-08-11T23:23:43.618560,15.80888807,.00018202,97.2834,240.4108,55.3925,304.7514,0,U,100113,999,338,.72480138E-3,.141438E-2,0
STARLINK-38088,2026-166P,2026-08-11T19:38:43.281600,15.75227165,.00025182,97.2840,240.1640,182.8767,177.2484,0,U,100114,999,335,.10369865E-2,.157697E-2,0
STARLINK-38044,2026-166Q,2026-08-11T23:21:07.531776,15.80919090,.00011763,97.2831,240.4131,100.4993,259.6408,0,U,100115,999,338,.11071609E-2,.218349E-2,0
STARLINK-38038,2026-166R,2026-08-11T23:29:58.307712,15.75241384,.00013272,97.2836,240.4036,100.7966,259.3449,0,U,100116,999,338,.89202379E-3,.13535E-2,0
STARLINK-38062,2026-166S,2026-08-11T23:20:16.042560,15.80891296,.00022615,97.2832,240.4137,53.7096,306.4381,0,U,100117,999,338,.81056123E-3,.158526E-2,0
STARLINK-38030,2026-166T,2026-08-11T19:30:05.679936,15.75204111,.00013203,97.2835,240.1707,110.4581,249.6826,0,U,100118,999,335,.62032108E-3,.9347E-3,0
STARLINK-38096,2026-166U,2026-08-11T20:55:28.756704,15.75229563,.00017227,97.2837,240.2437,64.5631,295.5812,0,U,100119,999,336,.94608841E-3,.143631E-2,0
STARLINK-38120,2026-166V,2026-08-11T17:55:33.894912,15.75212134,.00015052,97.2839,240.1082,87.3302,272.8136,0,U,100120,999,334,.45080515E-3,.67711E-3,0
STARLINK-38160,2026-166W,2026-08-11T23:18:32.335776,15.77362768,.00017825,97.2837,240.4154,179.8207,180.3061,0,U,100121,999,338,-.35463095E-2,-.546471E-2,0
STARLINK-38135,2026-166X,2026-08-11T19:12:18.302112,15.75234832,.00009592,97.2827,240.1870,119.4515,240.6846,0,U,100122,999,335,.10517655E-2,.16003E-2,0
STARLINK-38134,2026-166Y,2026-08-11T23:14:12.009984,15.80899784,.00013034,97.2831,240.4179,83.2914,276.8503,0,U,100123,999,338,.85224224E-3,.1669E-2,0
STARLINK-37991,2026-166Z,2026-08-11T23:15:04.076352,15.80898787,.00013017,97.2832,240.4184,88.5323,271.6094,0,U,100124,999,338,.91059226E-3,.178569E-2,0
2026-167A,2026-167A,2026-08-08T16:21:38.402208,1.76606363,.76829491,25.6950,95.1316,188.2092,140.8382,0,U,100125,999,31,.48366945E-3,.198E-5,0
2026-167B,2026-167B,2026-08-08T17:03:32.116032,1.76299306,.7683772,25.6152,95.0471,188.3035,140.3986,0,U,100126,999,31,.31066076E-3,.61E-6,0
2026-167C,2026-167C,2026-08-08T16:58:10.904160,1.76348722,.76837802,25.6722,95.0780,188.2828,140.4937,0,U,100127,999,31,.27053105E-2,.1631E-4,0
2026-167D,2026-167D,2026-08-09T06:28:09.334272,1.76363539,.76831334,25.6073,94.9355,188.5330,139.3644,0,U,100128,999,32,.32021579E-3,.71E-6,0
2026-168A,2026-168A,2026-08-11T18:46:46.777440,15.09287002,.00170539,97.5386,305.1589,259.5226,100.4081,0,U,100129,999,312,.19387837E-3,.3035E-4,0
2026-168B,2026-168B,2026-08-11T20:21:52.621344,15.09317848,.00171813,97.5381,305.2232,259.2926,100.6369,0,U,100130,999,313,.20251373E-3,.3176E-4,0
2026-168C,2026-168C,2026-08-11T18:44:27.962880,15.09388544,.00180636,97.5395,305.1638,257.5943,102.3264,0,U,100131,999,312,.11593915E-3,.1794E-4,0
2026-168D,2026-168D,2026-08-11T18:42:22.363200,15.09553649,.00183424,97.5385,305.1616,257.7725,102.1450,0,U,100132,999,312,.26071438E-3,.4136E-4,0
2026-168E,2026-168E,2026-08-11T21:54:34.178112,15.09415419,.00181002,97.5394,305.2949,257.8787,102.0414,0,U,100133,999,314,.10421491E-3,.1608E-4,0
2026-168F,2026-168F,2026-08-11T21:53:40.964352,15.09474817,.00180376,97.5438,305.3074,259.7331,100.1865,0,U,100134,999,314,.11691617E-3,.1814E-4,0
2026-168G,2026-168G,2026-08-11T18:40:04.954368,15.09590464,.00185957,97.5341,305.1532,260.4039,99.5089,0,U,100135,999,312,.72842363E-4,.111E-4,0
2026-168H,2026-168H,2026-08-11T18:38:02.614560,15.09696810,.00186835,97.5399,305.1702,263.1476,96.7627,0,U,100136,999,312,.10495003E-3,.1633E-4,0
2026-168J,2026-168J,2026-08-11T20:10:25.616928,15.09899500,.00193114,97.5397,305.2373,263.9637,95.9391,0,U,100137,999,311,.21416546E-3,.342E-4,0
YINLI-1 R/B,2026-168K,2026-08-11T18:54:38.464416,15.48187778,.01491299,97.5356,306.3202,2.5240,357.6728,0,U,100138,999,320,.2010459E-3,.16479E-3,0
PESSOA,2026-067CZ,2026-08-11T20:10:21.987264,15.19314152,.00064487,97.4583,181.6543,213.6253,146.4573,0,U,100139,999,2012,.19692019E-3,.4091E-4,0
TIANLIAN 2-06,2026-169A,2026-08-11T14:41:15.916128,1.00269352,.00034999,2.9779,297.9868,18.9410,54.3923,0,U,100140,999,20,0,.92E-6,0
CZ-3B R/B,2026-169B,2026-07-23T17:45:33.909120,2.26436664,.73260378,27.0240,118.0426,179.4901,182.3213,0,U,100141,999,2,.9077796E-3,.25348E-3,.367836E-6
FREGAT R/B,2026-165S,2026-08-11T23:03:16.241760,15.92784707,.00180234,82.2861,204.7250,346.7211,13.3585,0,U,100142,999,367,.33441001E-3,.116728E-2,.3809123E-5
2026-170A,2026-170A,2026-08-11T22:38:35.404512,15.07474752,.00145114,97.5601,230.4646,206.1901,153.8595,0,U,100143,999,286,.72453774E-4,.1038E-4,0
2026-170B,2026-170B,2026-08-11T22:38:44.090304,15.07459599,.00144759,97.5580,230.4598,206.4061,153.6431,0,U,100144,999,286,.51931937E-4,.726E-5,0
2026-170C,2026-170C,2026-08-11T22:36:27.057312,15.07580630,.00145289,97.5561,230.4577,208.8076,151.2351,0,U,100145,999,286,.35796843E-4,.483E-5,0
2026-170D,2026-170D,2026-08-11T21:00:18.131904,15.07620051,.00140322,97.5563,230.3933,209.7843,150.2588,0,U,100146,999,285,.58052556E-4,.823E-5,0
2026-170E,2026-170E,2026-08-11T22:29:59.157600,15.07965655,.0014748,97.5613,230.4751,212.8713,147.1599,0,U,100147,999,285,.67573471E-4,.978E-5,0
STARLINK-38182,2026-171A,2026-08-11T14:25:32.719296,15.75188431,.0001553,97.2831,255.2777,86.3815,273.7627,0,U,100148,999,269,.90519126E-3,.137065E-2,0
STARLINK-38100,2026-171B,2026-08-11T15:43:51.766464,15.80831333,.00015852,97.2825,255.3562,105.3315,254.8129,0,U,100149,999,394,.90902994E-3,.177698E-2,0
STARLINK-38179,2026-171C,2026-08-11T15:42:46.401408,15.80872172,.0000392,97.2833,255.3575,111.1525,248.9785,0,U,100150,999,270,.5343187E-3,.103694E-2,0
STARLINK-38173,2026-171D,2026-08-11T14:10:32.657664,15.80862500,.0001713,97.2835,255.2904,51.4728,308.6694,0,U,100151,999,269,.65152806E-3,.126757E-2,0
STARLINK-38111,2026-171E,2026-08-11T14:22:29.850240,15.75200599,.00015836,97.2834,255.2806,91.1176,269.0271,0,U,100152,999,269,.10379285E-2,.157648E-2,0
STARLINK-38081,2026-171F,2026-08-11T18:44:44.952576,15.76087135,.00007895,97.2842,255.4921,354.8183,5.3074,0,U,100153,999,272,-.54131711E-2,-.768156E-2,0
STARLINK-38132,2026-171G,2026-08-11T19:19:48.011520,15.75202712,.00013289,97.2843,255.4584,111.8662,248.2745,0,U,100154,999,272,.86084581E-3,.130319E-2,0
STARLINK-38127,2026-171H,2026-08-11T15:47:21.930144,15.75217787,.00006145,97.2838,255.3521,93.0903,267.0433,0,U,100155,999,270,.61287709E-3,.92388E-3,0
STARLINK-38121,2026-171J,2026-08-11T14:39:16.003296,15.75188751,.00020625,97.2833,255.2640,99.0663,261.0836,0,U,100156,999,269,.97741772E-3,.148213E-2,0
STARLINK-38152,2026-171K,2026-08-11T14:41:48.327360,15.75220189,.00014063,97.2845,255.2614,96.5689,263.5736,0,U,100157,999,269,.10790629E-2,.164164E-2,0
STARLINK-38192,2026-171L,2026-08-11T21:56:19.788288,15.75230098,.00009127,97.2838,255.6163,120.5571,239.5784,0,U,100158,999,274,.73242767E-3,.110734E-2,0
STARLINK-38162,2026-171M,2026-08-11T14:31:08.073120,15.75182675,.00016552,97.2833,255.2717,91.3682,268.7773,0,U,100159,999,269,.88178043E-3,.133427E-2,0
STARLINK-38198,2026-171N,2026-08-11T20:05:24.976032,15.80904410,.00011024,97.2834,255.5678,108.7107,251.4281,0,U,100160,999,273,.11711476E-2,.231165E-2,0
STARLINK-38175,2026-171P,2026-08-11T15:44:49.261344,15.75207810,.00005383,97.2838,255.3544,123.9258,236.2059,0,U,100161,999,270,.55121155E-3,.82951E-3,0
STARLINK-38186,2026-171Q,2026-08-11T14:36:13.157568,15.75182641,.00022661,97.2846,255.2664,101.0615,259.0905,0,U,100162,999,269,.76612347E-3,.115673E-2,0
STARLINK-38097,2026-171R,2026-08-11T15:32:36.765600,15.75408643,.00006254,97.2840,255.3663,90.2284,269.9053,0,U,100163,999,270,-.39378904E-2,-.556012E-2,0
STARLINK-38098,2026-171S,2026-08-11T15:27:37.768896,15.80789169,.00022383,97.2846,255.3706,68.6961,291.4546,0,U,100164,999,270,.74551737E-3,.144887E-2,0
STARLINK-38079,2026-171T,2026-08-11T20:00:00.608832,15.80909910,.0001947,97.2832,255.5724,69.3198,290.8279,0,U,100165,999,273,.12171978E-2,.240586E-2,0
STARLINK-38136,2026-171U,2026-08-11T19:58:55.521984,15.80909234,.00014167,97.2834,255.5733,75.5206,284.6219,0,U,100166,999,273,.12133162E-2,.239785E-2,0
STARLINK-38150,2026-171V,2026-08-11T19:58:17.860224,15.79162322,.00015145,97.2840,255.5732,52.9911,307.1495,0,U,100167,999,273,-.54391688E-2,-.874706E-2,0
STARLINK-38151,2026-171W,2026-08-11T15:23:18.626784,15.80838506,.00027886,97.2835,255.3741,49.9886,310.1626,0,U,100168,999,270,.94127025E-3,.184224E-2,0
STARLINK-38149,2026-171X,2026-08-11T15:22:13.281600,15.80861651,.00021039,97.2835,255.3759,53.4924,306.6538,0,U,100169,999,394,.58404905E-3,.11344E-2,0
STARLINK-38217,2026-171Y,2026-08-11T15:39:14.017248,15.75197783,.00006526,97.2831,255.3591,88.6047,271.5293,0,U,100170,999,270,.94891301E-3,.143862E-2,0
STARLINK-38197,2026-171Z,2026-08-11T16:51:18.034848,15.80290846,.00010029,97.2837,255.4445,104.9599,255.1781,0,U,100171,999,271,-.32210746E-2,-.565026E-2,0
TIANLIAN 3-01,2026-172A,2026-07-29T17:34:55.111584,2.28006376,.72952862,15.4420,145.4634,179.7295,181.2239,0,U,100172,999,2,.10443285E-2,.7279E-4,0
CZ-7A R/B,2026-172B,2026-08-09T21:55:06.312000,2.42008571,.72117136,15.4520,140.5842,188.0097,146.3723,0,U,100173,999,29,.24260184E-2,.147862E-2,.946675E-6
TJS-27A,2026-173A,2026-08-11T21:25:38.618976,13.28109773,.00064163,64.7872,245.5245,233.8511,126.1926,0,U,100174,999,171,.33858287E-4,-.62E-6,0
CZ-6A DEB,2026-173B,2026-08-11T21:27:36.746784,13.27998479,.00075594,64.7879,245.5281,230.7967,129.2392,0,U,100175,999,171,.47108051E-3,.136E-5,0
TJS-27B,2026-173C,2026-08-11T21:22:52.110624,13.28334200,.00058328,64.7868,245.5170,243.2344,116.8090,0,U,100176,999,171,.74061135E-4,-.44E-6,0
CZ-6A R/B,2026-173D,2026-08-11T23:55:47.044992,13.56152793,.00979254,64.7946,243.7499,108.0200,253.1545,0,U,100177,999,175,.11485034E-3,0,0
STARLINK-38095,2026-175A,2026-08-11T17:55:49.904832,15.80866989,.00013843,97.2839,64.1511,88.8222,271.3205,0,U,100179,999,291,.83313717E-3,.162835E-2,0
STARLINK-38184,2026-175B,2026-08-11T19:26:03.979392,15.80888372,.00015347,97.2842,64.2199,101.8660,258.2780,0,U,100180,999,292,.1037953E-2,.204069E-2,0
STARLINK-38112,2026-175C,2026-08-11T17:54:05.564736,15.80856953,.00024709,97.2843,64.1529,355.1826,4.9418,0,U,100181,999,291,.71133884E-3,.13857E-2,0
STARLINK-38140,2026-175D,2026-08-11T19:26:35.008224,15.76454747,.00016235,97.2842,64.2187,134.5583,225.5816,0,U,100182,999,292,-.59980938E-2,-.856374E-2,0
STARLINK-38142,2026-175E,2026-08-11T17:51:54.399168,15.80863078,.00011302,97.2842,64.1556,102.9509,257.1886,0,U,100183,999,291,.82467836E-3,.161118E-2,0
STARLINK-37207,2026-175F,2026-08-11T17:50:43.599552,15.80851147,.00017573,97.2847,64.1561,30.9080,329.2292,0,U,100184,999,291,.394289E-3,.7617E-3,0
STARLINK-38104,2026-175G,2026-08-11T19:20:39.000480,15.80883024,.00014703,97.2842,64.2241,101.3028,258.8406,0,U,100185,999,292,.80236154E-3,.156821E-2,0
STARLINK-38159,2026-175H,2026-08-11T17:47:02.450976,15.80849038,.0000884,97.2843,64.1598,104.4600,255.6767,0,U,100186,999,291,.44475503E-3,.86022E-3,0
STARLINK-38130,2026-175J,2026-08-11T17:45:57.160224,15.80574366,.00019617,97.2842,64.1610,215.5369,144.5769,0,U,100187,999,291,-.11031151E-2,-.204333E-2,0
STARLINK-38141,2026-175K,2026-08-11T22:23:54.165984,15.75192875,.00013977,97.2842,64.3571,87.7421,272.4004,0,U,100188,999,294,.58621619E-3,.88227E-3,0
STARLINK-38176,2026-175L,2026-08-11T19:14:50.716896,15.80509840,.00028451,97.2838,64.2298,119.5006,240.6546,0,U,100189,999,292,-.16427443E-2,-.300132E-2,0
STARLINK-38223,2026-175M,2026-08-11T16:09:32.673312,15.80852305,.00009408,97.2848,64.0986,87.1587,272.9789,0,U,100190,999,290,.44796353E-3,.86663E-3,0
STARLINK-38165,2026-175N,2026-08-11T17:39:15.943680,15.80858370,.00012629,97.2843,64.1676,104.8231,255.3178,0,U,100191,999,291,.54042535E-3,.104829E-2,0
STARLINK-38228,2026-175P,2026-08-11T19:09:06.919200,15.80868179,.0001098,97.2839,64.2352,77.4935,282.6456,0,U,100192,999,292,.70089628E-3,.136558E-2,0
STARLINK-38227,2026-175Q,2026-08-11T17:36:29.039616,15.80843090,.00009979,97.2842,64.1697,62.4856,297.6514,0,U,100193,999,291,.422637E-3,.81674E-3,0
STARLINK-38225,2026-175R,2026-08-11T19:04:55.739712,15.80887364,.00016933,97.2838,64.2398,132.2258,227.9155,0,U,100194,999,292,.10379104E-2,.204052E-2,0
STARLINK-38218,2026-175S,2026-08-11T17:32:34.398816,15.80843236,.00007996,97.2844,64.1734,63.2693,296.8657,0,U,100195,999,291,.36605219E-3,.7063E-3,0
STARLINK-38195,2026-175T,2026-08-11T17:28:21.537984,15.80877020,.00012626,97.2842,64.1780,117.8398,242.2998,0,U,100196,999,291,.91705495E-3,.179681E-2,0
STARLINK-38224,2026-175U,2026-08-11T17:35:14.134272,15.75201942,.00011562,97.2844,64.1713,118.8574,241.2807,0,U,100197,999,291,.33688843E-3,.50442E-3,0
STARLINK-38137,2026-175V,2026-08-11T17:25:55.236000,15.80858549,.00012043,97.2843,64.1806,72.7637,287.3763,0,U,100198,999,291,.70787959E-3,.137881E-2,0
STARLINK-38148,2026-175W,2026-08-11T17:21:40.019904,15.80873532,.00014475,97.2843,64.1850,92.6264,267.5170,0,U,100199,999,291,.71646694E-3,.139681E-2,0
STARLINK-38196,2026-175X,2026-08-11T20:21:19.423008,15.80908387,.00010525,97.2836,64.3208,112.4540,247.6840,0,U,100200,999,293,.13730395E-2,.272387E-2,0
STARLINK-38178,2026-175Y,2026-08-11T20:23:09.189888,15.78998086,.00012545,97.2837,64.3197,111.6111,248.5290,0,U,100201,999,293,-.50104833E-2,-.806148E-2,0
STARLINK-38185,2026-175Z,2026-08-11T20:24:58.324320,15.75268009,.00029025,97.2847,64.3175,131.0217,229.1299,0,U,100202,999,293,.24819275E-3,.37183E-3,0
GUOWANG OBJECT A,2026-176A,2026-08-10T17:47:24.657504,13.41693059,.00085141,49.9912,11.0446,279.4173,80.5742,0,U,100203,999,86,.1463388E-5,-.127E-5,0
GUOWANG OBJECT B,2026-176B,2026-08-11T11:38:47.864544,13.42054138,.00087097,49.9884,8.3027,280.7925,79.1972,0,U,100204,999,95,.11493724E-3,-.64E-6,0
GUOWANG OBJECT C,2026-176C,2026-08-11T20:34:08.778720,13.42158770,.0009529,49.9945,6.9381,278.7356,81.2443,0,U,100205,999,101,.45225204E-4,-.103E-5,0
GUOWANG OBJECT D,2026-176D,2026-08-11T02:41:39.266592,13.42206686,.00074578,49.9915,9.6662,271.4173,88.5850,0,U,100206,999,91,.2867955E-4,-.112E-5,0
GUOWANG OBJECT E,2026-176E,2026-08-11T20:33:37.419840,13.42232306,.00076279,49.9906,6.9337,272.0450,87.9554,0,U,100207,999,101,.11964136E-3,-.61E-6,0
GUOWANG OBJECT F,2026-176F,2026-08-11T20:32:26.753280,13.42379997,.00096385,49.9962,6.9333,273.3644,86.6131,0,U,100208,999,101,.22707788E-4,-.116E-5,0
GUOWANG OBJECT G,2026-176G,2026-08-11T20:32:04.411104,13.42425953,.00090815,49.9997,6.9339,271.6187,88.3650,0,U,100209,999,101,-.3050073E-5,-.13E-5,0
GUOWANG OBJECT H,2026-176H,2026-08-11T20:31:20.792064,13.42532732,.00082089,49.9970,6.9299,268.4312,91.5625,0,U,100210,999,101,.11085656E-3,-.66E-6,0
GUOWANG OBJECT J,2026-176J,2026-08-11T20:30:27.545472,13.42629188,.00091106,49.9971,6.9273,263.5630,96.4211,0,U,100211,999,101,.1605442E-5,-.128E-5,0
CZ-8A R/B,2026-176K,2026-08-11T20:49:39.553824,13.67083812,.01429539,49.9979,5.7044,276.5805,81.8828,0,U,100212,999,103,-.13028121E-2,-.1312E-4,0
STARLINK-38189,2026-177A,2026-08-11T21:46:31.502784,15.80862725,.00014518,97.2840,273.1478,81.7878,278.3554,0,U,100213,999,115,.91569369E-3,.17929E-2,0
STARLINK-38172,2026-177B,2026-08-11T23:16:35.726016,15.80858159,.00012479,97.2839,273.2155,82.3914,277.7496,0,U,100214,999,116,.88264046E-3,.172644E-2,0
STARLINK-38219,2026-177C,2026-08-11T21:44:21.325632,15.80840373,.00007471,97.2842,273.1503,88.5541,271.5812,0,U,100215,999,228,.57341972E-3,.111227E-2,0
STARLINK-38133,2026-177D,2026-08-11T21:43:16.531680,15.80860789,.00009142,97.2848,273.1514,53.2092,306.9260,0,U,100216,999,115,.85218612E-3,.166585E-2,0
STARLINK-38226,2026-177E,2026-08-11T21:42:12.412512,15.80810472,.0001195,97.2843,273.1515,91.8147,268.3258,0,U,100217,999,115,.24622859E-3,.47266E-3,0
STARLINK-38199,2026-177F,2026-08-11T21:41:06.056448,15.80889547,.00010097,97.2845,273.1530,56.3001,303.8363,0,U,100218,999,115,-.52984125E-3,-.100804E-2,0
STARLINK-38190,2026-177G,2026-08-11T23:01:27.940224,15.81806981,.00009687,97.2864,273.2314,35.5135,324.6198,0,U,100219,999,116,-.56718422E-2,-.1013084E-1,0
STARLINK-37721,2026-177H,2026-08-11T23:00:25.656192,15.82152003,.00025748,97.2851,273.2317,350.8071,9.3150,0,U,100220,999,116,-.50437044E-2,-.925775E-2,0
STARLINK-38249,2026-177J,2026-08-11T21:28:19.077600,15.82875652,.000001,97.2851,273.1656,78.9944,281.1326,0,U,100221,999,222,-.42764758E-2,-.821038E-2,0
STARLINK-38254,2026-177K,2026-08-11T22:58:24.383424,15.82865010,.00012634,97.2855,273.2336,149.3821,210.7522,0,U,100222,999,223,-.49900512E-2,-.944402E-2,0
STARLINK-38238,2026-177L,2026-08-11T21:26:24.826560,15.83591450,.00004785,97.2854,273.1673,334.4305,25.6941,0,U,100223,999,222,-.39436885E-2,-.786403E-2,0
STARLINK-38164,2026-177M,2026-08-11T22:56:30.453792,15.83552049,.00011566,97.2856,273.2353,48.9422,311.1948,0,U,100224,999,208,-.4524546E-2,-.89012E-2,0
STARLINK-38241,2026-177N,2026-08-11T21:24:36.051552,15.84183166,.00005332,97.2856,273.1691,108.8991,251.2337,0,U,100225,999,222,-.45452566E-2,-.918208E-2,0
STARLINK-37717,2026-177P,2026-08-11T22:54:40.790592,15.84184554,.00017249,97.2854,273.2376,1.8442,358.2834,0,U,100226,999,229,-.41577961E-2,-.847317E-2,0
STARLINK-38075,2026-177Q,2026-08-11T21:22:50.113056,15.84775722,.00011861,97.2857,273.1710,15.5704,344.5602,0,U,100227,999,222,-.39962725E-2,-.83841E-2,0
STARLINK-37375,2026-177R,2026-08-11T21:22:00.093504,15.85105936,.00010615,97.2852,273.1703,41.3256,318.8095,0,U,100228,999,233,-.35410119E-2,-.761361E-2,0
STARLINK-38251,2026-177S,2026-08-11T21:21:11.439936,15.85444967,.00005915,97.2859,273.1716,41.0808,319.0507,0,U,100229,999,222,-.33604749E-2,-.736389E-2,0
STARLINK-38053,2026-177T,2026-08-11T22:51:17.443008,15.85482743,.00003718,97.2853,273.2407,63.9178,296.2131,0,U,100230,999,223,-.32013794E-2,-.705225E-2,0
STARLINK-37832,2026-177U,2026-08-11T22:50:23.633952,15.85623082,.00012914,97.2856,273.2415,92.4526,267.6892,0,U,100231,999,229,-.37503239E-2,-.82124E-2,0
STARLINK-38200,2026-177V,2026-08-11T21:18:43.382304,15.86141035,.00004063,97.2860,273.1748,86.4956,273.6361,0,U,100232,999,115,-.38099891E-2,-.852237E-2,0
STARLINK-38188,2026-177W,2026-08-11T22:48:47.926080,15.86118349,.00024725,97.2858,273.2432,353.6314,6.4925,0,U,100233,999,116,-.3545514E-2,-.797825E-2,0
STARLINK-38177,2026-177X,2026-08-11T21:17:09.023136,15.86676353,.00013624,97.2857,273.1764,37.5186,322.6180,0,U,100234,999,115,-.29379944E-2,-.687432E-2,0
STARLINK-38126,2026-177Y,2026-08-11T21:15:35.943552,15.87057444,.00009067,97.2860,273.1774,48.2559,311.8790,0,U,100235,999,115,-.37698897E-2,-.879394E-2,0
STARLINK-38139,2026-177Z,2026-08-11T22:46:25.224384,15.86829734,.00006693,97.2858,273.2448,64.0925,296.0415,0,U,100236,999,116,-.3647147E-2,-.844549E-2,0
2026-178A,2026-178A,2026-08-11T22:33:16.138368,14.29320039,.00198828,98.5529,298.2214,291.2240,68.6818,0,U,100237,999,98,-.13837415E+0,-.338584E-2,0
2026-178B,2026-178B,2026-08-11T22:30:23.005728,14.30958531,.00130717,98.5514,298.2228,267.2186,92.7501,0,U,100238,999,98,.29688734E-4,.34E-6,0
JIELONG-3 R/B,2026-178C,2026-08-08T04:51:53.792352,15.08708646,.0012695,97.6599,295.6432,252.7888,107.1951,0,U,100239,999,47,.23905914E-3,.3691E-4,0
SPACEMOBILE-013,2026-179A,2026-08-11T22:15:13.310496,15.13016854,.00056882,52.9967,298.0565,2.5507,357.5512,0,U,100240,999,100,.11897042E-4,-.9E-6,0
SPACEMOBILE-012,2026-179B,2026-08-11T14:18:36.832896,15.13185843,.00059868,52.9962,299.5501,8.0168,352.0918,0,U,100241,999,95,.8569694E-5,-.149E-5,0
SPACEMOBILE-011,2026-179C,2026-08-11T22:13:29.938080,15.13293279,.0005933,52.9969,298.0503,13.9275,346.1879,0,U,100242,999,100,.11650485E-4,-.94E-6,0
QPS-SAR-13 (MIKURA-I),2026-180A,2026-08-11T19:32:30.797376,14.97282246,.00089989,42.0039,359.3274,303.5649,56.4316,0,U,100243,999,82,.14012951E-3,.1472E-4,0
ELECTRON KICK STAGE R/B,2026-180B,2026-08-11T19:32:42.438912,14.97243844,.00085718,42.0040,359.3285,294.8253,65.1680,0,U,100244,999,82,.12895978E-3,.1339E-4,0
ELECTRON R/B,2026-180C,2026-08-11T19:18:05.392512,15.56702913,.02404032,42.0060,356.6184,271.3266,86.0053,0,U,100245,999,85,.75973397E-3,.230509E-2,.20661719E-4
QZS-7 (MICHIBIKI-7),2026-182A,2026-08-11T01:36:02.392704,2.29772095,.72101932,22.8828,292.4491,175.6988,198.3921,0,U,100270,999,2,.2254099E-3,.5E-7,0
H-3 R/B,2026-182B,2026-08-11T01:36:08.783712,2.31420179,.72713153,22.8463,292.3099,175.5748,199.2261,0,U,100271,999,2,.63668728E-3,.5659E-4,0
